<?xml version="1.0" encoding="UTF-8"?>
<beans xmlns="http://www.springframework.org/schema/beans"
	xmlns:context="http://www.springframework.org/schema/context"
	xmlns:xsi="http://www.w3.org/2001/XMLSchema-instance"
	xmlns:aop="http://www.springframework.org/schema/aop"
	xmlns:tx="http://www.springframework.org/schema/tx"
	xmlns:jpa="http://www.springframework.org/schema/data/jpa"
	xsi:schemaLocation="
        http://www.springframework.org/schema/beans     
        http://www.springframework.org/schema/beans/spring-beans.xsd
        http://www.springframework.org/schema/context 
        http://www.springframework.org/schema/context/spring-context.xsd
        http://www.springframework.org/schema/aop http://www.springframework.org/schema/aop/spring-aop.xsd
        http://www.springframework.org/schema/tx 
        http://www.springframework.org/schema/tx/spring-tx.xsd
         http://www.springframework.org/schema/data/jpa
        http://www.springframework.org/schema/data/jpa/spring-jpa.xsd">
        
    <bean class="org.springframework.beans.factory.config.PropertyPlaceholderConfigurer">
		<property name="location">
			<value>classpath:com/accenture/lkm/resources/conn.properties</value> 
		</property>
	</bean>
	
    <!-- DriverManagerDataSource -->
    <bean id="dataSource" class="org.springframework.jdbc.datasource.DriverManagerDataSource" >
        <property name="driverClassName" value="${db_driverClass}" />
        <property name="url" value="${db_url}" />
        <property name="username" value="${db_user}" />
        <property name="password" value="${db_password}" />
    </bean>
 
	<!-- LocalContainerEntityManagerFactoryBean -->
    <bean id="entityManagerFactory"	class="org.springframework.orm.jpa.LocalContainerEntityManagerFactoryBean">
		<property name="dataSource" ref="dataSource" />
		<property name="jpaVendorAdapter">
			<bean class="org.springframework.orm.jpa.vendor.HibernateJpaVendorAdapter">
				<property name="showSql" value="true" />
				<property name="generateDdl" value="true" />
				<property name="databasePlatform" value="org.hibernate.dialect.MySQLDialect" />
			</bean>
		</property>
		<property name="packagesToScan" value="com.accenture.lkm.entity"></property>
	</bean>
	
	<!--JpaTransactionManager -->
	<bean id="txManager" class="org.springframework.orm.jpa.JpaTransactionManager"> <!--  custom transaction Manager -->
		<property name="entityManagerFactory" ref="entityManagerFactory" />
	</bean>
	
	<!-- Enable @Transactional annotation -->
	<tx:annotation-driven transaction-manager="txManager"/>
	
	<!-- Enable Repositories -->
    <jpa:repositories base-package="com.accenture.lkm.dao" transaction-manager-ref="txManager"> </jpa:repositories>
	
</beans>