<?xml version="1.0" encoding="UTF-8"?>
<entity-mappings version="1.0" xmlns="http://java.sun.com/xml/ns/persistence/orm"
    xmlns:xsi="http://www.w3.org/2001/XMLSchema-instance"
    xsi:schemaLocation="http://java.sun.com/xml/ns/persistence/orm http://java.sun.com/xml/ns/persistence/orm_1_0.xsd">
	
	<named-query name="findAllProductsBetweenExpiryDates">
		<query>Select product from ProductEntity product where product.expiryDate between :dateFrom and :dateTo</query>
	</named-query>
  
  <named-query name="findAllProductsByCategory">
		<query>Select product from ProductEntity product where product.categoryName=?1</query>
	</named-query>
  	
  	<named-query name="findAllProductsBetweenPriceAndSortDescending">
		<query>Select product from ProductEntity product where product.price between :lowerBound and :upperBound order by product.manufactureDate desc</query>
	</named-query>
   
</entity-mappings>